Type,Name,Request Count,Failure Count,Median Response Time,Average Response Time,Min Response Time,Max Response Time,Average Content Size,Requests/s,Failures/s,50%,66%,75%,80%,90%,95%,98%,99%,99.9%,99.99%,100%
GET,/apisix-gw/ac-in-apim,16214,0,57,60.87610357556956,37.15016999922227,379.4692150040646,196.0,67.66456422907378,0.0,57,61,64,66,72,80,110,140,230,380,380
,Aggregated,16214,0,57,60.87610357556956,37.15016999922227,379.4692150040646,196.0,67.66456422907378,0.0,57,61,64,66,72,80,110,140,230,380,380
