Type,Name,Request Count,Failure Count,Median Response Time,Average Response Time,Min Response Time,Max Response Time,Average Content Size,Requests/s,Failures/s,50%,66%,75%,80%,90%,95%,98%,99%,99.9%,99.99%,100%
GET,/apisix-gw/ac-in-apim,5414,0,55,58.0217520675717,39.83035400597146,351.92274500150234,196.0,22.601462746472798,0.0,55,58,60,61,66,71,110,130,220,350,350
,Aggregated,5414,0,55,58.0217520675717,39.83035400597146,351.92274500150234,196.0,22.601462746472798,0.0,55,58,60,61,66,71,110,130,220,350,350
