Type,Name,Request Count,Failure Count,Median Response Time,Average Response Time,Min Response Time,Max Response Time,Average Content Size,Requests/s,Failures/s,50%,66%,75%,80%,90%,95%,98%,99%,99.9%,99.99%,100%
GET,/apisix-gw/ac-in-apim,10823,0,57,59.99467567445073,37.53059299924644,425.8521039955667,196.0,45.183438980427,0.0,57,60,62,64,69,76,110,140,210,340,430
,Aggregated,10823,0,57,59.99467567445073,37.53059299924644,425.8521039955667,196.0,45.183438980427,0.0,57,60,62,64,69,76,110,140,210,340,430
