Type,Name,Request Count,Failure Count,Median Response Time,Average Response Time,Min Response Time,Max Response Time,Average Content Size,Requests/s,Failures/s,50%,66%,75%,80%,90%,95%,98%,99%,99.9%,99.99%,100%
GET,/access-control/authorize,35042,0,140.0,149.7459016702345,63.260271002945956,539.2800810004701,149.2908509788254,146.19337430462156,0.0,140,160,170,180,200,230,270,310,400,490,540
POST,/avenirs-portfolio-security/oidc/login,2844,0,72,79.21405875319302,51.206812997406814,562.7843229958671,41.0,11.865017879183371,0.0,72,77,81,84,95,120,160,220,560,560,560
GET,/avenirs-portfolio-security/roles,2842,0,240.0,239.93117387758886,56.81160100357374,794.435859999794,68575.03096410978,11.856673984753565,0.0,240,270,290,300,330,350,410,440,730,790,790
,Aggregated,40728,0,140.0,151.11385448788462,51.206812997406814,794.435859999794,4916.477411117658,169.91506616855847,0.0,140,160,170,180,220,260,310,340,450,680,790
