Type,Name,Request Count,Failure Count,Median Response Time,Average Response Time,Min Response Time,Max Response Time,Average Content Size,Requests/s,Failures/s,50%,66%,75%,80%,90%,95%,98%,99%,99.9%,99.99%,100%
GET,/access-control/authorize,38140,0,410.0,407.1833071962565,64.71980600326788,2720.695756994246,149.33007341373886,159.57686858162694,0.0,410,430,440,450,490,530,640,710,890,2400,2700
POST,/avenirs-portfolio-security/oidc/login,3078,0,74,91.52633267486063,51.96614400483668,576.7927929991856,41.0,12.878280060153322,0.0,74,82,91,100,150,190,260,300,380,580,580
GET,/avenirs-portfolio-security/roles,3068,0,510.0,537.6960543208432,66.43358699511737,2409.990355001355,66540.01923076923,12.836440293876022,0.0,520,560,600,630,740,850,970,1100,2200,2400,2400
,Aggregated,44286,0,410.0,394.2857987421486,51.96614400483668,2720.695756994246,4741.146773246624,185.29158893565628,0.0,410,430,450,460,500,580,690,760,1100,2400,2700
