Type,Name,Request Count,Failure Count,Median Response Time,Average Response Time,Min Response Time,Max Response Time,Average Content Size,Requests/s,Failures/s,50%,66%,75%,80%,90%,95%,98%,99%,99.9%,99.99%,100%
GET,/access-control/authorize,38057,0,700.0,690.8994911836609,18.792240000038873,2734.4485330031603,149.25800772525423,159.26154874836996,0.0,700,720,730,750,780,830,940,1200,1400,2700,2700
POST,/avenirs-portfolio-security/oidc/login,3137,1,75,94.7349900276123,51.34330999862868,1213.566399004776,40.98693018807778,13.127768306057664,0.004184816163869195,75,82,89,98,160,210,280,360,600,1200,1200
GET,/avenirs-portfolio-security/roles,3126,1,800.0,805.7427289770843,62.74482900334988,2315.610268000455,68113.34932821497,13.081735328255103,0.004184816163869195,800,840,870,900,990,1100,1300,1400,1800,2300,2300
,Aggregated,44320,2,700.0,656.8027385035093,18.792240000038873,2734.4485330031603,4935.271164259928,185.47105238268273,0.00836963232773839,700,720,740,750,800,860,1000,1200,1500,2700,2700
