Type,Name,Request Count,Failure Count,Median Response Time,Average Response Time,Min Response Time,Max Response Time,Average Content Size,Requests/s,Failures/s,50%,66%,75%,80%,90%,95%,98%,99%,99.9%,99.99%,100%
GET,/access-control/authorize,51086,0,38,62.70592830295143,24.193042998376768,1566.1936010001227,149.22282034216812,213.16068485527856,0.0,38,46,52,56,69,88,700,810,980,1500,1600
POST,/avenirs-portfolio-security/oidc/login,4079,0,27,30.751606748500105,21.201787996687926,270.0895770030911,41.0,17.01997481745843,0.0,27,30,33,34,41,48,64,80,260,270,270
GET,/avenirs-portfolio-security/roles,4079,0,61,79.32384118974672,20.167094000498764,1351.0721240018029,61528.93086540819,17.01997481745843,0.0,61,70,76,80,96,130,570,640,810,1400,1400
,Aggregated,59244,0,38,61.65000346743464,20.167094000498764,1566.1936010001227,4367.816909729256,247.20063449019543,0.0,38,46,53,57,72,90,650,800,980,1500,1600
