Type,Name,Request Count,Failure Count,Median Response Time,Average Response Time,Min Response Time,Max Response Time,Average Content Size,Requests/s,Failures/s,50%,66%,75%,80%,90%,95%,98%,99%,99.9%,99.99%,100%
GET,/access-control/authorize,67836,0,170.0,170.18264059819762,24.766037000517827,524.9845670041395,149.22097411403973,283.17479409981183,0.0,170,180,190,200,220,230,270,300,390,470,520
POST,/avenirs-portfolio-security/oidc/login,5449,0,30,34.459055422268655,21.735408998210914,160.75237100449158,41.0,22.74632131979885,0.0,30,34,37,39,48,60,77,94,130,160,160
GET,/avenirs-portfolio-security/roles,5443,0,190.0,186.42904903679167,22.724149996065535,466.1021469946718,61826.533896748115,22.721274902489473,0.0,190,200,210,220,240,260,290,330,420,470,470
,Aggregated,78728,0,170.0,161.91203021190245,21.735408998210914,524.9845670041395,4405.9011660400365,328.6423903221002,0.0,170,180,190,200,220,230,260,300,390,470,520
