Type,Name,Request Count,Failure Count,Median Response Time,Average Response Time,Min Response Time,Max Response Time,Average Content Size,Requests/s,Failures/s,50%,66%,75%,80%,90%,95%,98%,99%,99.9%,99.99%,100%
GET,/access-control/authorize,67761,0,330.0,330.0526254620663,25.130393005383667,1060.243330000958,149.18727586664895,282.56178231661573,0.0,330,350,370,370,390,410,480,600,730,910,1100
POST,/avenirs-portfolio-security/oidc/login,5515,0,31,36.79456506287008,21.970817993860692,264.950354998291,41.0,22.99742078003772,0.0,31,35,38,41,52,68,96,120,220,260,260
GET,/avenirs-portfolio-security/roles,5511,0,350.0,345.9492018833326,23.7475199974142,946.8279279972194,62256.09381237525,22.98074087376027,0.0,350,370,390,390,410,430,470,580,770,950,950
,Aggregated,78787,0,330.0,310.6368313533437,21.970817993860692,1060.243330000958,4485.873646667597,328.53994397041373,0.0,330,350,360,370,390,410,460,600,730,910,1100
