Type,Name,Request Count,Failure Count,Median Response Time,Average Response Time,Min Response Time,Max Response Time,Average Content Size,Requests/s,Failures/s,50%,66%,75%,80%,90%,95%,98%,99%,99.9%,99.99%,100%
GET,/access-control/authorize,104174,0,54,56.93990872610681,20.672664999437984,316.7336019978393,148.25223184287827,434.5138526227249,0.0,54,63,70,74,86,97,110,120,170,240,320
POST,/avenirs-portfolio-security/oidc/login,8285,0,46,51.9602100260884,22.055327994166873,343.7518179998733,41.0,34.55706096510911,0.0,46,54,60,65,80,96,120,130,230,340,340
GET,/avenirs-portfolio-security/roles,8281,1,83,86.29987973300841,18.992614997841883,323.36148399917874,64984.01497403695,34.540376807733075,0.004171039344008341,83,95,100,110,130,140,160,180,230,320,320
,Aggregated,120740,1,55,58.61187424025767,18.992614997841883,343.7518179998733,4587.678822262713,503.6112903955671,0.004171039344008341,55,65,72,76,89,100,120,130,190,270,340
