Type,Name,Request Count,Failure Count,Median Response Time,Average Response Time,Min Response Time,Max Response Time,Average Content Size,Requests/s,Failures/s,50%,66%,75%,80%,90%,95%,98%,99%,99.9%,99.99%,100%
GET,/access-control/authorize,15179,0,550.0,550.627795346105,96.71534301014617,2850.3502310049953,150.07826602542988,63.51049015507175,0.0,550,590,610,630,670,720,800,860,1100,2800,2900
POST,/avenirs-portfolio-security/oidc/login,1245,0,73,104.45163512212527,53.1498430063948,750.9786379960133,42.0,5.209207473684981,0.0,73,85,110,130,180,260,400,460,730,750,750
GET,/avenirs-portfolio-security/roles,1240,0,620.0,682.3793866862792,196.223127990379,4745.538431001478,66327.3943548387,5.188286961742471,0.0,620,680,730,780,960,1200,1600,1900,3700,4700,4700
,Aggregated,17664,0,540.0,528.4291231191451,53.1498430063948,4745.538431001478,4788.060292119565,73.9079845904992,0.0,540,580,610,630,680,740,850,980,1800,3700,4700
