Type,Name,Request Count,Failure Count,Median Response Time,Average Response Time,Min Response Time,Max Response Time,Average Content Size,Requests/s,Failures/s,50%,66%,75%,80%,90%,95%,98%,99%,99.9%,99.99%,100%
GET,/access-control/authorize,15726,0,1200.0,1210.8709764416258,32.29221700166818,3672.427287994651,150.0708381025054,65.78900991986718,0.0,1200,1300,1300,1300,1300,1400,1500,1900,3000,3600,3700
POST,/avenirs-portfolio-security/oidc/login,1333,0,70,114.77806155592732,49.121634001494385,2052.6620729942806,42.0,5.576545225943212,0.0,70,80,93,120,200,300,530,750,2000,2100,2100
GET,/avenirs-portfolio-security/roles,1329,0,1300.0,1273.3902661263865,88.81768700666726,6155.0278890063055,68657.97893152747,5.559811406810599,0.0,1300,1300,1400,1400,1500,1700,2100,2500,3800,6200,6200
,Aggregated,18388,0,1200.0,1135.9305957829577,32.29221700166818,6155.0278890063055,5093.6727213400045,76.925366552621,0.0,1200,1300,1300,1300,1300,1400,1600,1900,3100,3800,6200
