Type,Name,Request Count,Failure Count,Median Response Time,Average Response Time,Min Response Time,Max Response Time,Average Content Size,Requests/s,Failures/s,50%,66%,75%,80%,90%,95%,98%,99%,99.9%,99.99%,100%
GET,/access-control/authorize,15812,0,1900.0,1892.5923736640468,44.58599499776028,5302.480153011857,150.0044270174551,66.14956241003706,0.0,1900,2000,2000,2000,2000,2100,2100,2200,3800,5300,5300
POST,/avenirs-portfolio-security/oidc/login,1372,3,69,89.84617401530575,48.303545991075225,651.7272839992074,41.90816326530612,5.739767241751255,0.012550511461555223,69,76,83,92,170,190,310,360,520,650,650
GET,/avenirs-portfolio-security/roles,1363,1,1900.0,1864.3767282264375,79.13273200392723,3832.0341109938454,68491.89214966985,5.702115707366589,0.004183503820518407,1900,2000,2000,2000,2100,2200,2300,2400,3700,3800,3800
,Aggregated,18547,4,1900.0,1757.162077085114,44.58599499776028,5302.480153011857,5164.383296489998,77.5914453591549,0.01673401528207363,1900,1900,2000,2000,2000,2100,2100,2200,3700,5300,5300
