Type,Name,Request Count,Failure Count,Median Response Time,Average Response Time,Min Response Time,Max Response Time,Average Content Size,Requests/s,Failures/s,50%,66%,75%,80%,90%,95%,98%,99%,99.9%,99.99%,100%
GET,/apisix-gw/ac-in-apim,5426,0,55,57.98361838697522,41.0048839985393,285.2750140009448,196.0,22.65456209279807,0.0,55,58,60,62,66,72,100,120,210,290,290
,Aggregated,5426,0,55,57.98361838697522,41.0048839985393,285.2750140009448,196.0,22.65456209279807,0.0,55,58,60,62,66,72,100,120,210,290,290
