Type,Name,Request Count,Failure Count,Median Response Time,Average Response Time,Min Response Time,Max Response Time,Average Content Size,Requests/s,Failures/s,50%,66%,75%,80%,90%,95%,98%,99%,99.9%,99.99%,100%
GET,/apisix-gw/ac-in-apim,10854,0,57,59.574864562990015,39.980260997253936,330.6928539968794,196.0,45.30365016018772,0.0,57,60,63,65,70,76,95,120,170,200,330
,Aggregated,10854,0,57,59.574864562990015,39.980260997253936,330.6928539968794,196.0,45.30365016018772,0.0,57,60,63,65,70,76,95,120,170,200,330
