Type,Name,Request Count,Failure Count,Median Response Time,Average Response Time,Min Response Time,Max Response Time,Average Content Size,Requests/s,Failures/s,50%,66%,75%,80%,90%,95%,98%,99%,99.9%,99.99%,100%
GET,/apisix-gw/ac-in-apim,16205,0,58,62.62675971950612,39.36157699354226,639.4357710014447,196.0,67.61433103096765,0.0,58,62,65,67,73,82,120,160,430,640,640
,Aggregated,16205,0,58,62.62675971950612,39.36157699354226,639.4357710014447,196.0,67.61433103096765,0.0,58,62,65,67,73,82,120,160,430,640,640
