Type,Name,Request Count,Failure Count,Median Response Time,Average Response Time,Min Response Time,Max Response Time,Average Content Size,Requests/s,Failures/s,50%,66%,75%,80%,90%,95%,98%,99%,99.9%,99.99%,100%
GET,/node-api/ac-inlined,5398,0,54,56.48467801376929,39.21086000627838,195.0398210028652,196.0,22.539107247073655,0.0,54,57,59,61,65,70,88,110,170,200,200
,Aggregated,5398,0,54,56.48467801376929,39.21086000627838,195.0398210028652,196.0,22.539107247073655,0.0,54,57,59,61,65,70,88,110,170,200,200
