Type,Name,Request Count,Failure Count,Median Response Time,Average Response Time,Min Response Time,Max Response Time,Average Content Size,Requests/s,Failures/s,50%,66%,75%,80%,90%,95%,98%,99%,99.9%,99.99%,100%
GET,/node-api/ac-inlined,16137,0,57,63.395885966903805,36.59202001290396,517.7795110212173,196.0,67.33911310704838,0.0,57,61,64,67,76,99,150,200,400,510,520
,Aggregated,16137,0,57,63.395885966903805,36.59202001290396,517.7795110212173,196.0,67.33911310704838,0.0,57,61,64,67,76,99,150,200,400,510,520
