Type,Name,Request Count,Failure Count,Median Response Time,Average Response Time,Min Response Time,Max Response Time,Average Content Size,Requests/s,Failures/s,50%,66%,75%,80%,90%,95%,98%,99%,99.9%,99.99%,100%
GET,/node-api/ac-inlined,10789,0,56,59.468560382421664,37.820041994564235,468.0762249918189,196.0,45.024707463646386,0.0,56,59,62,63,69,78,110,150,250,430,470
,Aggregated,10789,0,56,59.468560382421664,37.820041994564235,468.0762249918189,196.0,45.024707463646386,0.0,56,59,62,63,69,78,110,150,250,430,470
