Type,Name,Request Count,Failure Count,Median Response Time,Average Response Time,Min Response Time,Max Response Time,Average Content Size,Requests/s,Failures/s,50%,66%,75%,80%,90%,95%,98%,99%,99.9%,99.99%,100%
GET,/node-api/ac-inlined,5226,0,58,78.6762632457846,40.30419001355767,852.0648840058129,196.0,21.83250855793486,0.0,58,66,74,82,120,190,260,400,710,850,850
,Aggregated,5226,0,58,78.6762632457846,40.30419001355767,852.0648840058129,196.0,21.83250855793486,0.0,58,66,74,82,120,190,260,400,710,850,850
