Type,Name,Request Count,Failure Count,Median Response Time,Average Response Time,Min Response Time,Max Response Time,Average Content Size,Requests/s,Failures/s,50%,66%,75%,80%,90%,95%,98%,99%,99.9%,99.99%,100%
GET,/node-api/ac-inlined,10331,0,64,89.54307483785263,38.84011899936013,1234.0742770174984,196.0,43.09544245790125,0.0,64,77,90,100,170,230,300,360,890,1200,1200
,Aggregated,10331,0,64,89.54307483785263,38.84011899936013,1234.0742770174984,196.0,43.09544245790125,0.0,64,77,90,100,170,230,300,360,890,1200,1200
