Type,Name,Request Count,Failure Count,Median Response Time,Average Response Time,Min Response Time,Max Response Time,Average Content Size,Requests/s,Failures/s,50%,66%,75%,80%,90%,95%,98%,99%,99.9%,99.99%,100%
GET,/node-api/ac-inlined,15914,0,60,75.45338492331261,36.92296700319275,766.8794739875011,196.0,66.36618130849352,0.0,60,67,74,81,120,170,240,330,470,770,770
,Aggregated,15914,0,60,75.45338492331261,36.92296700319275,766.8794739875011,196.0,66.36618130849352,0.0,60,67,74,81,120,170,240,330,470,770,770
