Type,Name,Request Count,Failure Count,Median Response Time,Average Response Time,Min Response Time,Max Response Time,Average Content Size,Requests/s,Failures/s,50%,66%,75%,80%,90%,95%,98%,99%,99.9%,99.99%,100%
GET,/access-control/authorize,22165,0,840.0,825.9996979564667,76.09843599493615,2334.4601150020026,149.92059553349876,92.5411125311199,0.0,840,860,870,880,900,920,960,990,1600,1700,2300
POST,/avenirs-portfolio-security/oidc/login,1819,0,68,76.28323330063041,52.33740899711847,603.6477199959336,42.0,7.594508625946632,0.0,68,73,76,79,90,150,180,190,580,600,600
GET,/avenirs-portfolio-security/roles,1815,0,890.0,864.1240363961922,74.13918699603528,1733.770523002022,64428.29311294766,7.577808222151257,0.0,890,920,950,960,990,1000,1100,1200,1600,1700,1700
,Aggregated,25799,0,840.0,775.8218393208252,52.33740899711847,2334.4601150020026,4664.395519206171,107.71342937921779,0.0,840,860,870,880,910,940,980,1000,1600,1700,2300
