Type,Name,Request Count,Failure Count,Median Response Time,Average Response Time,Min Response Time,Max Response Time,Average Content Size,Requests/s,Failures/s,50%,66%,75%,80%,90%,95%,98%,99%,99.9%,99.99%,100%
GET,/access-control/authorize,21030,0,350.0,356.7429737537298,101.00364900426939,856.5538129914785,149.99153590109367,88.1713091846896,0.0,350,380,390,400,440,470,520,560,690,830,860
POST,/avenirs-portfolio-security/oidc/login,1716,0,70,77.69928012066778,52.00877600873355,523.1630829948699,42.0,7.194577582545286,0.0,70,74,77,79,88,120,190,250,520,520,520
GET,/avenirs-portfolio-security/roles,1712,0,410.0,416.87258124337325,82.83050399040803,1767.5946020026458,64765.61098130841,7.177807005429796,0.0,410,450,470,490,530,580,660,800,1600,1800,1800
,Aggregated,24458,0,350.0,341.3738883725837,52.00877600873355,1767.5946020026458,4665.349578869899,102.54369377266468,0.0,350,380,390,410,440,480,530,570,810,1000,1800
