Type,Name,Request Count,Failure Count,Median Response Time,Average Response Time,Min Response Time,Max Response Time,Average Content Size,Requests/s,Failures/s,50%,66%,75%,80%,90%,95%,98%,99%,99.9%,99.99%,100%
GET,/access-control/authorize,21979,0,1300.0,1323.9758919388105,66.77165799192153,3777.0117619947996,149.89526366076709,91.73791061483952,0.0,1300,1400,1400,1400,1400,1500,1500,1600,2700,2900,3800
POST,/avenirs-portfolio-security/oidc/login,1858,0,70,82.30078279120985,50.093316996935755,615.9996550122742,42.0,7.755086124135395,0.0,70,75,78,82,120,180,220,250,380,620,620
GET,/avenirs-portfolio-security/roles,1849,1,1400.0,1337.2026669577663,75.40467799117323,2803.0893319955794,63392.60789616009,7.717521121381241,0.004173889194906025,1400,1400,1500,1500,1500,1600,1600,1700,2800,2800,2800
,Aggregated,25686,1,1300.0,1235.1112946567835,50.093316996935755,3777.0117619947996,4694.600794206961,107.21051786035616,0.004173889194906025,1300,1400,1400,1400,1400,1500,1500,1600,2700,2900,3800
