Type,Name,Request Count,Failure Count,Median Response Time,Average Response Time,Min Response Time,Max Response Time,Average Content Size,Requests/s,Failures/s,50%,66%,75%,80%,90%,95%,98%,99%,99.9%,99.99%,100%
GET,/access-control/authorize,132639,0,83,89.74525977407215,37.65580400067847,2017.4995190027403,0.0,554.5601132631884,0.0,83,91,97,100,120,130,160,200,450,790,2000
POST,/avenirs-portfolio-security/oidc/login,10655,4,90,100.66652016124014,52.13384899980156,1162.817479998921,40.98460816518067,44.54827016804464,0.016723893071063214,90,100,110,120,140,160,210,310,600,820,1200
GET,/avenirs-portfolio-security/roles,10644,3,86,94.14892597379043,50.25994400057243,979.4317179985228,1.9994363021420518,44.50227946209922,0.012542919803297413,86,95,100,110,120,140,180,300,610,720,980
,Aggregated,153938,7,84,90.80567794538044,37.65580400067847,2017.4995190027403,2.975048396107524,643.6106628933323,0.02926681287436063,84,92,98,100,120,130,160,210,470,800,2000
