Type,Name,Request Count,Failure Count,Median Response Time,Average Response Time,Min Response Time,Max Response Time,Average Content Size,Requests/s,Failures/s,50%,66%,75%,80%,90%,95%,98%,99%,99.9%,99.99%,100%
GET,/access-control/authorize,92189,0,76,81.3360280217849,45.55666699889116,1131.6711469989968,0.0,385.8387615400576,0.0,76,83,89,93,100,120,130,150,330,430,1100
POST,/avenirs-portfolio-security/oidc/login,7410,0,77,84.37444160487335,52.39639100182103,416.07290099636884,41.0,31.01308424011354,0.0,77,85,92,96,110,130,160,190,350,420,420
GET,/avenirs-portfolio-security/roles,7409,0,77,82.14693168224701,49.25140699924668,470.04643499531085,2.0,31.00889893859665,0.0,77,85,90,94,110,120,140,150,370,470,470
,Aggregated,107008,0,76,81.60257472736865,45.55666699889116,1131.6711469989968,2.9776091507177034,447.8607447187678,0.0,76,84,89,93,110,120,140,160,340,430,1100
