Type,Name,Request Count,Failure Count,Median Response Time,Average Response Time,Min Response Time,Max Response Time,Average Content Size,Requests/s,Failures/s,50%,66%,75%,80%,90%,95%,98%,99%,99.9%,99.99%,100%
GET,/access-control/authorize,45630,0,80,84.90592345198846,46.08128700056113,671.1502819962334,0.0,190.93919813582391,0.0,80,88,93,97,110,120,140,210,380,460,670
POST,/avenirs-portfolio-security/oidc/login,3668,0,75,83.6913687644215,48.86080700089224,438.7641080029425,41.0,15.348783229502565,0.0,75,83,89,94,110,130,170,240,430,440,440
GET,/avenirs-portfolio-security/roles,3666,0,77,83.3149953605566,48.38653499609791,538.1412429996999,2.0,15.340414209202946,0.0,77,84,90,93,110,120,160,240,520,540,540
,Aggregated,52964,0,79,84.71169097375488,46.08128700056113,671.1502819962334,2.9778717619515143,221.6283955745294,0.0,79,87,93,97,110,120,150,210,390,520,670
