Type,Name,Request Count,Failure Count,Median Response Time,Average Response Time,Min Response Time,Max Response Time,Average Content Size,Requests/s,Failures/s,50%,66%,75%,80%,90%,95%,98%,99%,99.9%,99.99%,100%
GET,/access-control/authorize,89135,0,80,89.29798203128655,44.81435299385339,1872.89635099296,0.0,372.9112571256848,0.0,80,89,96,100,120,140,230,260,410,620,1900
POST,/avenirs-portfolio-security/oidc/login,7141,0,80,92.90927705379109,49.62488099408802,558.1640390009852,41.0,29.8755739847929,0.0,80,90,99,110,130,170,240,280,480,560,560
GET,/avenirs-portfolio-security/roles,7138,0,83,91.63189343862284,48.861057992326096,402.40946800622623,2.0,29.86302298045816,0.0,83,92,98,100,120,140,240,270,390,400,400
,Aggregated,103414,0,80,89.7084459663556,44.81435299385339,1872.89635099296,2.9692014620844374,432.64985409093583,0.0,80,89,96,100,120,140,230,260,410,610,1900
