Type,Name,Request Count,Failure Count,Median Response Time,Average Response Time,Min Response Time,Max Response Time,Average Content Size,Requests/s,Failures/s,50%,66%,75%,80%,90%,95%,98%,99%,99.9%,99.99%,100%
GET,/access-control/authorize,44800,0,79,86.54406127574268,46.72214399033692,662.6295590103837,0.0,187.41270436144308,0.0,79,88,93,98,110,130,220,250,310,610,660
POST,/avenirs-portfolio-security/oidc/login,3612,0,76,88.73984498018696,50.39986300107557,682.7549239969812,41.0,15.110149289141347,0.0,76,84,92,98,120,170,230,270,670,680,680
GET,/avenirs-portfolio-security/roles,3608,0,78,85.95524314766475,46.90870399645064,652.5273879960878,2.0,15.09341601196622,0.0,78,86,92,96,110,130,240,260,300,650,650
,Aggregated,52020,0,79,86.65568593807181,46.72214399033692,682.7549239969812,2.9855440215301807,217.61626966255065,0.0,79,87,93,98,110,130,220,250,310,660,680
