Type,Name,Request Count,Failure Count,Median Response Time,Average Response Time,Min Response Time,Max Response Time,Average Content Size,Requests/s,Failures/s,50%,66%,75%,80%,90%,95%,98%,99%,99.9%,99.99%,100%
GET,/access-control/authorize,130470,0,86,93.50656312190755,47.55676499917172,1729.9626570020337,0.0,545.5006604337804,0.0,86,95,100,110,120,140,200,250,370,510,1700
POST,/avenirs-portfolio-security/oidc/login,10483,2,92,104.32527569606535,39.686603005975485,639.5108550059376,41.329485834207766,43.82987218002084,0.008362085696846483,92,100,110,120,150,180,250,300,530,630,640
GET,/avenirs-portfolio-security/roles,10479,0,91,98.9264675366224,50.161380000645295,838.9993610035162,2.0,43.81314800862715,0.0,91,100,110,110,130,150,230,270,430,720,840
,Aggregated,151432,2,87,94.63055106551784,39.686603005975485,1729.9626570020337,2.99946510645042,633.1436806224284,0.008362085696846483,87,96,100,110,120,140,210,260,390,580,1700
