Type,Name,Request Count,Failure Count,Median Response Time,Average Response Time,Min Response Time,Max Response Time,Average Content Size,Requests/s,Failures/s,50%,66%,75%,80%,90%,95%,98%,99%,99.9%,99.99%,100%
GET,/access-control/authorize,107871,0,150.0,147.95054151425643,11.675335001200438,605.7247339995229,148.26538179862985,449.67494859802633,0.0,150,160,170,170,190,210,250,280,370,500,610
POST,/avenirs-portfolio-security/oidc/login,8677,1,61,72.91894472895066,22.172684999532066,490.64976700174157,41.03457416157658,36.17125574978515,0.004168636135736447,61,75,87,96,120,160,190,220,330,490,490
GET,/avenirs-portfolio-security/roles,8671,0,180.0,180.6499482121249,23.265998999704607,568.5788850023528,64895.37804174836,36.146243932970734,0.0,180,190,210,210,230,260,290,320,400,570,570
,Aggregated,125219,1,150.0,145.01558268349828,11.675335001200438,605.7247339995229,4624.357445755038,521.9924482807822,0.004168636135736447,150,160,170,170,190,220,250,280,370,490,610
