Type,Name,Request Count,Failure Count,Median Response Time,Average Response Time,Min Response Time,Max Response Time,Average Content Size,Requests/s,Failures/s,50%,66%,75%,80%,90%,95%,98%,99%,99.9%,99.99%,100%
GET,/access-control/authorize,60308,0,25,29.26756148738521,20.063823998498265,257.7282060010475,148.24799363268554,251.7585479226374,0.0,25,27,28,30,37,54,89,110,160,210,260
POST,/avenirs-portfolio-security/oidc/login,4826,0,26,28.825125824096137,21.416065996163525,321.6815810010303,41.0,20.146361216996887,0.0,26,28,30,31,37,44,54,65,300,320,320
GET,/avenirs-portfolio-security/roles,4823,0,54,57.776336505691184,19.056565004575532,368.700995000836,65319.376529131245,20.13383757761624,0.0,54,63,68,69,75,87,140,180,300,370,370
,Aggregated,69957,0,25,31.202501913679214,19.056565004575532,368.700995000836,4633.90023871807,292.03874671725055,0.0,25,28,30,33,47,67,90,110,180,310,370
